<?xml version="1.0" encoding="UTF-8"?>
<!DOCTYPE plist PUBLIC "-//Apple//DTD PLIST 1.0//EN" "http://www.apple.com/DTDs/PropertyList-1.0.dtd">
<plist version="1.0">
<dict>
	<key>files</key>
	<dict>
		<key>Resources/Base.lproj/Main.storyboardc/Info.plist</key>
		<data>
		+sFA7rjJ7aflArr8ivdUZ1/5hEo=
		</data>
		<key>Resources/Base.lproj/Main.storyboardc/MainMenu.nib</key>
		<data>
		xlAGlOxk8K9KgHiMl3S8b8tKpMQ=
		</data>
		<key>Resources/Base.lproj/Main.storyboardc/NSWindowController-B8D-0N-5wS.nib</key>
		<data>
		+70M/FFeNO4RIWZGF4ELsdceFAU=
		</data>
		<key>Resources/Base.lproj/Main.storyboardc/XfG-lQ-9wD-view-m2S-Jp-Qdl.nib</key>
		<data>
		VqaLMk21VjssgEwkyQhPI2zkqr8=
		</data>
	</dict>
	<key>files2</key>
	<dict>
		<key>Resources/Base.lproj/Main.storyboardc/Info.plist</key>
		<dict>
			<key>hash2</key>
			<data>
			HY5FmmIvvd8FbS+dTeskdrFZY31FkvH7Z8dWP769H2A=
			</data>
		</dict>
		<key>Resources/Base.lproj/Main.storyboardc/MainMenu.nib</key>
		<dict>
			<key>hash2</key>
			<data>
			H+tyrI0kWX7aSilSrrQiYsdDVMyrcsvEwDZ4n+Zr/CM=
			</data>
		</dict>
		<key>Resources/Base.lproj/Main.storyboardc/NSWindowController-B8D-0N-5wS.nib</key>
		<dict>
			<key>hash2</key>
			<data>
			sAIh/tFWjIeAYw2OXtNiBh+op+tGUYR+XVjD9zE2kE0=
			</data>
		</dict>
		<key>Resources/Base.lproj/Main.storyboardc/XfG-lQ-9wD-view-m2S-Jp-Qdl.nib</key>
		<dict>
			<key>hash2</key>
			<data>
			faaSG7AGvxSCPUqpYWwf9xegVAoDJbrCDH5ySUGmvs0=
			</data>
		</dict>
	</dict>
	<key>rules</key>
	<dict>
		<key>^Resources/</key>
		<true/>
		<key>^Resources/.*\.lproj/</key>
		<dict>
			<key>optional</key>
			<true/>
			<key>weight</key>
			<real>1000</real>
		</dict>
		<key>^Resources/.*\.lproj/locversion.plist$</key>
		<dict>
			<key>omit</key>
			<true/>
			<key>weight</key>
			<real>1100</real>
		</dict>
		<key>^Resources/Base\.lproj/</key>
		<dict>
			<key>weight</key>
			<real>1010</real>
		</dict>
		<key>^version.plist$</key>
		<true/>
	</dict>
	<key>rules2</key>
	<dict>
		<key>.*\.dSYM($|/)</key>
		<dict>
			<key>weight</key>
			<real>11</real>
		</dict>
		<key>^(.*/)?\.DS_Store$</key>
		<dict>
			<key>omit</key>
			<true/>
			<key>weight</key>
			<real>2000</real>
		</dict>
		<key>^(Frameworks|SharedFrameworks|PlugIns|Plug-ins|XPCServices|Helpers|MacOS|Library/(Automator|Spotlight|LoginItems))/</key>
		<dict>
			<key>nested</key>
			<true/>
			<key>weight</key>
			<real>10</real>
		</dict>
		<key>^.*</key>
		<true/>
		<key>^Info\.plist$</key>
		<dict>
			<key>omit</key>
			<true/>
			<key>weight</key>
			<real>20</real>
		</dict>
		<key>^PkgInfo$</key>
		<dict>
			<key>omit</key>
			<true/>
			<key>weight</key>
			<real>20</real>
		</dict>
		<key>^Resources/</key>
		<dict>
			<key>weight</key>
			<real>20</real>
		</dict>
		<key>^Resources/.*\.lproj/</key>
		<dict>
			<key>optional</key>
			<true/>
			<key>weight</key>
			<real>1000</real>
		</dict>
		<key>^Resources/.*\.lproj/locversion.plist$</key>
		<dict>
			<key>omit</key>
			<true/>
			<key>weight</key>
			<real>1100</real>
		</dict>
		<key>^Resources/Base\.lproj/</key>
		<dict>
			<key>weight</key>
			<real>1010</real>
		</dict>
		<key>^[^/]+$</key>
		<dict>
			<key>nested</key>
			<true/>
			<key>weight</key>
			<real>10</real>
		</dict>
		<key>^embedded\.provisionprofile$</key>
		<dict>
			<key>weight</key>
			<real>20</real>
		</dict>
		<key>^version\.plist$</key>
		<dict>
			<key>weight</key>
			<real>20</real>
		</dict>
	</dict>
</dict>
</plist>
